{
  "all_details": [
    {
      "id": "b345",
      "userId": "84dc",
      "userName": "arjun",
      "userEmail": "arjun@gmail.com",
      "orders": {
        "items": [
          {
            "id": "thapaserialnoa",
            "name": "iphone x",
            "quantity": 1
          }
        ],
        "total": 6005000
      }
    },
    {
      "id": "bab9",
      "userId": "84dc",
      "userName": "arjun",
      "userEmail": "arjun@gmail.com",
      "orders": {
        "items": [
          {
            "id": "thapaserialnof",
            "name": "Macbook Pro",
            "quantity": 1
          }
        ],
        "total": 47999
      }
    },
    {
      "id": "cffc",
      "userId": "7011",
      "userName": "vishnu",
      "userEmail": "vishnu@gmail.com",
      "orders": {
        "items": [
          {
            "id": "thapaserialnom",
            "name": "EarBuds",
            "quantity": 1
          }
        ],
        "total": 375000
      }
    },
    {
      "id": "f07d",
      "userId": "b22d",
      "userName": "hemanth",
      "userEmail": "hemanth@gmail.com",
      "orders": {
        "items": [
          {
            "id": "thapaserialnom",
            "name": "EarBuds",
            "quantity": 1
          },
          {
            "id": "thapaserialnok",
            "name": "rolex premium",
            "quantity": 1
          }
        ],
        "total": 1374999
      }
    },
    {
      "id": "adc6",
      "userId": "84dc",
      "userName": "arjun",
      "userEmail": "arjun@gmail.com",
      "orders": {
        "items": [
          {
            "id": "thapaserialnoa",
            "name": "iphone x",
            "quantity": 2
          }
        ],
        "total": 12005000
      }
    }
  ]
}