{
  "products": [
    {
      "name": "iphone x",
      "company": "apple",
      "price": 6000000,
      "description": "The mobile is compact with its 6.2-inch OLED screen and far lighter at 168g. It perfectly captures the design, looks, and feel of the expensive one. It comes with a snapdragon processor with a 5n chip in it. It has a 200mp camera in the rear 100mp in front perfect for selfie lovers. It also support HDR content means you can watch 4K content on it.",
      "category": "mobile",
      "featured": true,
      "reviews": 58,
      "stars": 4.8,
      "stock": 6,
      "image": "https://images.pexels.com/photos/1275229/pexels-photo-1275229.jpeg?auto=compress&cs=tinysrgb&w=1260&h=750&dpr=1",
      "id": "thapaserialnoa"
    },
    {
      "id": "thapaserialnob",
      "name": "samsung s20",
      "company": "samsung",
      "price": 5000000,
      "colors": [
        "#000",
        "#22D3EF"
      ],
      "image": "https://images.pexels.com/photos/404280/pexels-photo-404280.jpeg?auto=compress&cs=tinysrgb&w=1260&h=750&dpr=1",
      "description": "The mobile is compact with its 6.2-inch OLED screen and far lighter at 168g. It perfectly captures the design, looks, and feel of the expensive one. It comes with a snapdragon processor with a 5n chip in it. It has a 200mp camera in the rear 100mp in front perfect for selfie lovers. It also support HDR content means you can watch 4K content on it.",
      "category": "mobile",
      "shipping": true,
      "reviews": 28,
      "stars": 4.4,
      "stock": 9
    },
    {
      "id": "thapaserialnoc",
      "name": "Dell Series",
      "company": "dell",
      "price": 600000,
      "colors": [
        "#22D3EF",
        "#CDD0D0"
      ],
      "image": "https://images.pexels.com/photos/7974/pexels-photo.jpg?auto=compress&cs=tinysrgb&w=1260&h=750&dpr=1",
      "description": "The Laptop is compact with its 6.2-inch OLED screen and far lighter at 168g. It perfectly captures the design, looks, and feel of the expensive one. It comes with a snapdragon processor with a 5n chip in it. It has a 200mp camera in the rear 100mp in front perfect for selfie lovers. It also support HDR content means you can watch 4K content on it.",
      "category": "laptop",
      "reviews": 28,
      "stars": 4.2,
      "stock": 12
    },
    {
      "name": "Nokia 420",
      "company": "nokia",
      "price": 12599,
      "description": "The mobile is compact with its 6.2-inch OLED screen and far lighter at 168g. It perfectly captures the design, looks, and feel of the expensive one. It comes with a snapdragon processor with a 5n chip in it. It has a 200mp camera in the rear 100mp in front perfect for selfie lovers. It also support HDR content means you can watch 4K content on it.",
      "category": "mobile",
      "featured": false,
      "reviews": 28,
      "stars": 3.8,
      "stock": "5",
      "image": "https://images.pexels.com/photos/4224099/pexels-photo-4224099.jpeg?auto=compress&cs=tinysrgb&w=1260&h=750&dpr=1",
      "id": "thapaserialnod"
    },
    {
      "id": "thapaserialnoe",
      "name": "Mac Pc",
      "company": "apple",
      "price": 4000099,
      "colors": [
        "#000",
        "#CDD0D0"
      ],
      "image": "https://images.pexels.com/photos/1029757/pexels-photo-1029757.jpeg?auto=compress&cs=tinysrgb&w=1260&h=750&dpr=1",
      "description": "The Computer is compact with its 6.2-inch OLED screen and far lighter at 168g. It perfectly captures the design, looks, and feel of the expensive one. It comes with a snapdragon processor with a 5n chip in it. It has a 200mp camera in the rear 100mp in front perfect for selfie lovers. It also support HDR content means you can watch 4K content on it.",
      "category": "computer",
      "shipping": true,
      "reviews": 28,
      "stars": 3.8,
      "stock": 5
    },
    {
      "id": "thapaserialnof",
      "name": "Macbook Pro",
      "company": "apple",
      "price": 42999,
      "colors": [
        "#000000",
        "#CDD0D0"
      ],
      "image": "https://images.pexels.com/photos/303383/pexels-photo-303383.jpeg?auto=compress&cs=tinysrgb&w=1260&h=750&dpr=1",
      "description": "The Laptop is compact with its 6.2-inch OLED screen and far lighter at 168g. It perfectly captures the design, looks, and feel of the expensive one. It comes with a snapdragon processor with a 5n chip in it. It has a 200mp camera in the rear 100mp in front perfect for selfie lovers. It also support HDR content means you can watch 4K content on it.",
      "category": "laptop",
      "shipping": true,
      "reviews": 12,
      "stars": 4.1,
      "stock": 5
    },
    {
      "id": "thapaserialnog",
      "name": "Asus gseries",
      "company": "asus",
      "price": 23999,
      "colors": [
        "#CDD0D0",
        "#000"
      ],
      "image": "https://images.pexels.com/photos/261662/pexels-photo-261662.jpeg?auto=compress&cs=tinysrgb&w=1260&h=750&dpr=1",
      "description": "The laptop is compact with its 6.2-inch OLED screen and far lighter at 168g. It perfectly captures the design, looks, and feel of the expensive one. It comes with a snapdragon processor with a 5n chip in it. It has a 200mp camera in the rear 100mp in front perfect for selfie lovers. It also support HDR content means you can watch 4K content on it.",
      "category": "laptop",
      "shipping": true,
      "reviews": 23,
      "stars": 3.7,
      "stock": 6
    },
    {
      "id": "thapaserialnoh",
      "name": "Accessories",
      "price": 1099999,
      "company": "lenova",
      "colors": [
        "#000",
        "#CDD0D0"
      ],
      "image": "https://images.pexels.com/photos/3178938/pexels-photo-3178938.jpeg?auto=compress&cs=tinysrgb&w=1260&h=750&dpr=1",
      "description": "The accessories is compact with its 6.2-inch OLED screen and far lighter at 168g. It perfectly captures the design, looks, and feel of the expensive one. It comes with a snapdragon processor with a 5n chip in it. It has a 200mp camera in the rear 100mp in front perfect for selfie lovers. It also support HDR content means you can watch 4K content on it.",
      "category": "accessories",
      "featured": true,
      "shipping": true,
      "reviews": 23,
      "stars": 4.2,
      "stock": 6
    },
    {
      "id": "thapaserialnoi",
      "name": "Iwatch",
      "price": 39999,
      "company": "apple",
      "colors": [
        "#000000"
      ],
      "image": "https://images.pexels.com/photos/437037/pexels-photo-437037.jpeg?auto=compress&cs=tinysrgb&w=1260&h=750&dpr=1",
      "description": "This watch is compact with its 6.2-inch OLED screen and far lighter at 168g. It perfectly captures the design, looks, and feel of the expensive one. It comes with a snapdragon processor with a 5n chip in it. It has a 200mp camera in the rear 100mp in front perfect for selfie lovers. It also support HDR content means you can watch 4K content on it.",
      "category": "watch",
      "shipping": true,
      "reviews": 23,
      "stars": 4.6,
      "stock": 5
    },
    {
      "id": "thapaserialnoj",
      "name": "user need",
      "company": "apple",
      "price": 300099,
      "colors": [
        "#ff0000",
        "#22D3EF",
        "#000000"
      ],
      "image": "https://images.pexels.com/photos/1619651/pexels-photo-1619651.jpeg?auto=compress&cs=tinysrgb&w=1260&h=750&dpr=1",
      "description": "The mobile is compact with its 6.2-inch OLED screen and far lighter at 168g. It perfectly captures the design, looks, and feel of the expensive one. It comes with a snapdragon processor with a 5n chip in it. It has a 200mp camera in the rear 100mp in front perfect for selfie lovers. It also support HDR content means you can watch 4K content on it.",
      "category": "accessories",
      "reviews": 23,
      "stars": 4.2,
      "stock": 6
    },
    {
      "id": "thapaserialnok",
      "name": "rolex premium",
      "company": "rolex",
      "price": 999999,
      "colors": [
        "#000000",
        "#CDD0D0"
      ],
      "image": "https://images.pexels.com/photos/1697214/pexels-photo-1697214.jpeg?auto=compress&cs=tinysrgb&w=1260&h=750&dpr=1",
      "description": "This watch is compact with its 6.2-inch OLED screen and far lighter at 168g. It perfectly captures the design, looks, and feel of the expensive one. It comes with a snapdragon processor with a 5n chip in it. It has a 200mp camera in the rear 100mp in front perfect for selfie lovers. It also support HDR content means you can watch 4K content on it.",
      "category": "watch",
      "reviews": 60,
      "stars": 4.8,
      "stock": 5
    },
    {
      "id": "thapaserialnol",
      "name": "galaxy w20",
      "price": 311999,
      "company": "samsung",
      "colors": [
        "#22D3EF",
        "#ff0000",
        "#000000"
      ],
      "image": "https://images.pexels.com/photos/51011/pexels-photo-51011.jpeg?auto=compress&cs=tinysrgb&w=1260&h=750&dpr=1",
      "description": "This watch is compact with its 6.2-inch OLED screen and far lighter at 168g. It perfectly captures the design, looks, and feel of the expensive one. It comes with a snapdragon processor with a 5n chip in it. It has a 200mp camera in the rear 100mp in front perfect for selfie lovers. It also support HDR content means you can watch 4K content on it.",
      "category": "watch",
      "featured": true,
      "reviews": 60,
      "stars": 4.4,
      "stock": 6
    },
    {
      "id": "thapaserialnom",
      "name": "EarBuds",
      "company": "Noise",
      "price": "370000",
      "description": "ANC (up to 32 dB) - Listen to your playlists just the way you like it—without any background disturbances.Up to 60 hours of playtime - Get your playlists queued and ready because these earbuds bring you incredible playtime.",
      "category": "EarPhone",
      "reviews": "60",
      "stars": "4",
      "stock": 8,
      "image": "https://m.media-amazon.com/images/I/51VfuzHU+RL._AC_UF1000,1000_QL80_.jpg"
    }
  ]
}